index,arousal_label,valence_label,subject_id,clip_id,dataset,logistics_noisy,ECG_1,ECG_2,ECG_3,ECG_4,ECG_5,ECG_6,ECG_7,ECG_8,ECG_9,ECG_10,ECG_11,ECG_12,ECG_13,ECG_14,GSR_1,GSR_2,GSR_3,GSR_4,GSR_5,GSR_6,GSR_7,GSR_8,GSR_9,GSR_10,GSR_11,GSR_12,GSR_13,GSR_14,GSR_15,GSR_16,GSR_17,GSR_18,GSR_19,GSR_20,GSR_21,GSR_22,GSR_23,GSR_24,GSR_25,GSR_26,GSR_27,GSR_28,GSR_29,GSR_30,GSR_31,EEG_1,EEG_2,EEG_3,EEG_4,EEG_5,EEG_6,EEG_7,EEG_8,EEG_9,EEG_10,EEG_11,EEG_12,EEG_13,EEG_14,EEG_15,EEG_16,EEG_17,EEG_18,EEG_19,EEG_20,EEG_21,EEG_22,EEG_23,EEG_24,EEG_25,EEG_26,EEG_27,EEG_28,EEG_29,EEG_30,EEG_31,EEG_32,EEG_33,EEG_34,EEG_35,EEG_36,EEG_37,EEG_38,EEG_39,EEG_40,EEG_41,EEG_42,EEG_43,EEG_44,EEG_45,EEG_46,EEG_47,EEG_48,EEG_49,EEG_50,EEG_51,EEG_52,EEG_53,EEG_54,EEG_55,EEG_56,EEG_57,EEG_58,EEG_59,EEG_60,EEG_61,EEG_62,EEG_63,EEG_64,EEG_65,EEG_66,EEG_67,EEG_68,EEG_69,EEG_70,EEG_71,EEG_72,EEG_73,EEG_74,EEG_75,EEG_76,EEG_77,EEG_78,EEG_79,EEG_80,EEG_81,EEG_82,EEG_83,EEG_84,EEG_85,EEG_86,EEG_87,EEG_88
1,1,1,19,0,Train,True,0.21990902558645695,0.3171536780639573,-0.06564911237519953,0.6524913005558396,0.784855088675165,-0.06564911237519953,0.7026352858805259,0.5663756539072696,-0.041412431236661176,0.2912285017512711,-0.04464210792088577,0.09884028378886282,0.4119236796122026,-0.21438807746393096,0.20414037254328718,-0.06345419192826479,0.3914788359433983,-0.32613736770008045,0.20880836153998078,0.01906870466777253,-0.23570226039551637,-0.42200127130114506,0.985735377497689,0.8412073498094155,-0.3082442392804719,-0.6693506162777885,0.01862934515554466,0.06463379884975869,0.392046543594514,0.08279292407206439,-0.2894298421169687,0.9078188242197106,-0.15525308918018493,0.6776598718186546,0.741919495546975,0.7871650930619469,0.7529621439182205,0.7068133998831675,0.7648033559753122,0.7884851516249937,0.7562356442399774,-0.6080249204898281,1.0,0.6030226891555273,1.0,-0.546799281111694,-1.0,-0.3576415250287594,0.2526756700000556,1.0,-0.5198101326613674,-0.0629389371336665,0.6585948598606184,0.23795644893922138,-0.14771106735828257,0.22146733470055607,1.0,0.6071965242532426,-0.5638748754981616,1.0,-0.5319554401904654,-1.0,-0.3796923719308002,0.12150490830377085,1.0,0.3141706743654781,1.0,0.8315685173082065,1.0,-1.0,-0.424678053040842,0.8494099166024375,0.32451140740441003,-0.48582850258610955,-0.581533622227701,-0.15075567228888123,0.18212470640342596,-0.2029050668291629,0.23751210845524695,-0.7277696285258528,-1.0,-0.5346855870492341,0.38646204192868894,0.5339693756694118,-0.05166204041978515,0.47053083847118243,-0.037293707031409815,-0.04599079054441145,0.202030508910442,-0.20280368148659864,-0.3432650150767283,0.5913207537323327,0.7296060586027509,-1.0,-0.44494279383012425,-0.14567413382648153,-0.02412891121830364,0.060302268915552806,1.0,0.4365216845729002,0.26882923040868056,-1.0,-0.5519204667844646,0.6427719192397884,-1.0,-0.2966270136721359,-0.2389276341935651,0.6963061709902651,-0.7089490077940542,-0.012012500968437227,-0.3015113445777633,-0.2599376899523086,-0.32576743212893483,0.7336095947712796,0.6147193202163407,-0.7333554541343089,-0.39125202940622944,-0.031128283329134233,-0.2422999795886062,-0.7222227267680049,0.22716834680082446,7.543326870123749e-16,0.8169953903398717,0.40147275176215186,0.2497110765707658,0.13845694136333092,-1.0,-0.5826083842767744,-1.0,1.0,-1.0,-0.16147400102919374,-1.0
2,0,0,19,1,Train,True,-0.3016684116913222,0.054568341177824414,0.6136374015380911,1.0,-0.9790488757306803,0.6136374015380911,1.0,1.0,-0.04852448538744948,-0.2492943579329573,0.5552509387663791,0.41508532055747294,0.2667721321257766,0.461327599646103,-0.2506538140526584,-0.8274963491192016,-0.9567410291436509,0.6503288287392581,1.0,-0.9037131353435633,-0.942809041582064,-1.0,-1.0,-1.0,-1.0,-1.0,-0.904696194151977,0.8294839958772473,-0.9579873906477155,-0.8047096813498426,-0.2894298421169687,-0.9878468021702476,-1.0,-1.0,-1.0,-0.925086242625418,-1.0,-1.0,-1.0,-0.926977240971007,-1.0,1.0,-1.0,-1.0,-0.9274902522167519,0.11035497671666877,-0.43963539794517104,1.0,1.0,1.0,0.3771171550680524,-1.0,-1.0,0.23795644893922138,1.0,0.22146733470055607,0.07506327846162288,1.0,0.4410578256084372,-0.07641773134491457,-0.4015539120503902,-0.7392694919656867,-1.0,1.0,0.5416068536820352,1.0,0.47076224634610925,0.45635728249835283,0.9068582201845921,1.0,1.0,-1.0,-1.0,1.0,0.44627147589063193,-0.8291561975888498,-0.796552172150759,1.0,-0.02952040955371159,1.0,1.0,1.0,-1.0,-1.0,1.0,-1.0,-0.037293707031409815,-0.5958946054047615,-0.4040610178208844,1.0,1.0,1.0,1.0,-1.0,-1.0,1.0,-1.0,0.060302268915552806,-1.0,-0.2777865265463908,-0.5172027261682061,-0.23987463049991165,1.0,1.0,-1.0,-0.2393385346367449,1.0,-1.0,0.7923547734168841,-0.6972239767570788,0.42211588240886916,1.0,1.0,1.0,1.0,-1.0,-1.0,1.0,-1.0,1.0,-1.0,1.0,-0.4664664255369305,-0.09670031093431052,1.0,1.0,-1.0,-1.0,1.0,-1.0,1.0,-0.8024486555089518,1.0
3,0,0,19,2,Train,True,-0.2336642396252345,-1.0,-1.0,-1.0,-0.34123509887681114,-1.0,-0.4817616962768496,-0.8117381192112018,-0.5132968220580671,-0.7118046952272803,-0.4541777663717594,-0.8843060812555859,-0.7036915206626374,-0.34619675309100145,0.7901576848907259,-1.0,1.0,-1.0,1.0,1.0,-1.0,-0.40111621142333526,0.6939388457661047,0.07391490314908107,-0.4958865459505365,-0.7444767290398191,1.0,1.0,1.0,-0.18984636089758797,-1.0,0.9257554876263941,-0.19470552333187247,1.0,1.0,1.0,1.0,1.0,1.0,1.0,1.0,0.4597261593947479,-0.296924737270737,-0.30151134457776363,-0.1330199462038198,0.8620664999272818,0.0694678030468736,0.6972558407207813,0.5353580929683084,-0.6210355758617342,-0.8051960878480012,0.1783140603335702,-1.0,-0.12400547339086176,-0.288780583139269,-0.13552478690631076,0.8452727251658292,1.0,-0.8704861741833017,-0.6363852463254994,0.026908251838428474,0.2617364595430427,0.7285323141413255,0.9984281605963828,-0.13073268881980174,-0.0882597088893992,-0.2660830088043216,-0.32278966549217875,-0.39707212929522046,-1.0,0.5411465104192593,-1.0,0.15446176160297215,-0.7553154081572918,-0.7247523654081244,-0.15075567228888123,0.6655960136143949,0.4611478791571895,-0.11467317622706667,-0.13172131323715444,-0.17613383589368864,-0.545314374051399,0.21114532803844666,0.5425052981934344,-0.4873377556974721,-0.32037361596271907,1.0,0.06598113346330457,1.0,0.07386305412578296,-0.40226628691795596,-1.0,-0.7968532362777077,0.5360027675090363,-0.059939191343242076,0.05198072923218397,-0.5644645293667827,1.0,-0.2895943930652385,1.0,0.010215157632184443,-0.5356847307254259,1.0,1.0,0.02314914050225861,-1.0,-0.7742940311248983,-0.1680739033424783,0.04170288281141519,0.2759495740804459,-0.3015113445777633,-0.22191932549985732,-0.44412322170535856,-1.0,-0.35647547011934894,0.06364971866071233,0.14988689161665655,0.09497687598364271,-0.6337076389240468,0.3841610248765985,-0.3380344278627895,0.5432144762551123,-0.33421821836455695,-0.1466643773433199,0.7918983580397432,-0.03541767962731672,0.7630870023583709,-1.0,-0.424873898741434,-0.5408191182525569,1.0,0.8492029566310538,1.0
4,1,1,19,3,Train,True,-0.42181734456937864,-0.39057362143051216,0.2741244321090201,0.4836138644683252,-0.1827114784455065,0.2741244321090201,0.9185504934094794,0.7205443336781067,0.9776995618346968,0.20591881077931964,0.9380497543591992,0.9545003359659819,0.6480079721260489,0.9668384945934057,0.09897634750070552,-1.0,0.28674585311018347,-0.5216161760739307,1.0,1.0,-0.942809041582064,-1.0,0.18723150402132224,0.3774256266912989,-0.021292775288664162,0.07542044565304123,1.0,1.0,0.2876242262853502,0.00674206402337113,-0.9406469868801484,0.12091301158109559,0.0535774016895985,-0.22611931464814033,0.00874807329729635,0.20065249442191085,0.10008327894514588,-0.16787937644308484,0.09293737610796521,0.19943652595358974,0.09746801268996763,0.9936016993370363,0.01709037652970974,1.0,-0.5443301807354975,-1.0,-1.0,-0.5887025918532852,-0.0963722629210695,0.5210546162802805,1.0,-0.8070762103920738,0.3149801503681257,-1.0,0.36199980408968024,-1.0,1.0,0.4402403452457289,-0.7800865820534671,-0.5624354232673212,0.4926279951958395,0.08764846797630789,0.9115493810275329,-0.9537700320074086,1.0,-0.037147873768137545,1.0,0.7829337132402386,-0.47176850601185255,-1.0,0.47533121134876627,1.0,0.34151637198455387,0.029125582453725648,0.14298472562620626,0.5276448530110864,-0.08455821310995247,1.0,-0.902270971140229,-0.7892804806583268,0.27610007961281074,-0.25393470339860874,0.3614167970872256,-0.21719180644457473,0.6663239635541156,-0.5679610973507242,-0.037293707031409815,-1.0,0.202030508910442,-1.0,-0.7095613751992808,-0.2770539436612953,-0.8128601326448327,1.0,0.19971440103163224,0.6868993211233445,-1.0,1.0,-1.0,1.0,1.0,-0.2782682224379085,0.06493489721284211,0.0029990645344982834,-0.5046512629492387,-0.13621927237304066,-1.0,1.0,-1.0,0.019431809111661032,-1.0,-0.6323791386855482,-0.6021150188001647,1.0,1.0,-1.0,-0.151604792953237,0.3597843322545929,-1.0,0.9373529006989006,-1.0,0.5432144762551123,-0.5496254738876641,-0.7299225090610121,-0.6077834262872698,-0.7287261645669267,0.02586735601214862,1.0,0.38206415557664053,0.29134449273605345,-0.16247816846282057,0.3215087889710133,0.0327034970083862
5,0,0,19,4,Train,True,1.0,0.39211693448201823,-0.5576559275643121,-0.9853623897142938,1.0,-0.5576559275643121,-0.32589336249247713,-0.5237120612581955,-0.1867460026664649,-0.5282270474660716,-0.7397195865633353,-0.638933830694856,-1.0,0.7664289408178173,0.5612073207548243,1.0,1.0,-1.0,-1.0,1.0,1.0,0.14142425382353555,1.0,1.0,1.0,1.0,1.0,-1.0,1.0,1.0,1.0,1.0,1.0,1.0,1.0,1.0,1.0,1.0,1.0,1.0,1.0,0.9936016993370363,1.0,0.6030226891555273,1.0,-0.18318475069193357,0.6385588120655433,-0.2172014588859882,-1.0,0.9709689343968316,1.0,0.5433229958143438,-0.9449404511043609,-1.0,-0.5656759420283867,-1.0,-0.23507522820590554,-0.9883744667528411,-0.1491815539184675,-0.5326620337147359,0.9583477385532505,-0.10820052253626997,-0.17447846040383375,0.7791973475232308,-0.13073268881980174,0.04297461076555435,-0.2660830088043216,-0.5209088766513694,-0.9775653503601703,-0.09747539333784606,-0.33630657306298395,0.6682231157957194,0.9707000614498722,-0.5614951243952626,0.3283266285655783,-0.15075567228888123,0.7614700092335299,0.4611478791571895,0.8974732174618956,1.0,0.6816061489933922,0.10431558528547791,0.3614167970872256,-0.746419002933974,-0.4175721962349648,0.9175637909773015,-0.708580433596791,0.29209028376026724,-0.4040610178208844,1.0,1.0,-0.2642680604979858,-0.8131294684634356,0.3167289080735212,0.4146001326522176,-0.15150294701532216,0.5572448551439844,-0.6633249580710798,1.0,-0.2777865265463908,1.0,1.0,0.25312588150346527,0.44705037615084015,-1.0,0.09293464376852392,1.0,-0.24557004793782822,-0.7089490077940542,-0.8496762753993146,-0.3015113445777633,0.8214941382921195,0.08983524781518722,-1.0,-0.5513080436219945,-0.7134303248144332,0.12669522357281843,0.3635742480066398,-0.7557048314441843,0.3841610248765985,-0.7242555344891808,0.5432144762551123,0.15029237135411003,1.0,0.0463967601231415,-0.47257130124116387,0.23927304311237063,-0.26776835674707355,0.1432703389476624,-0.5617540518623328,-0.16247816846282057,0.39972360368567866,0.0327034970083862
6,1,1,19,5,Train,True,-0.0526328252296712,0.7936243526546426,0.24930599667172842,0.13021088782870904,-0.18723073377224905,0.24930599667172842,0.3325887034450023,-0.12040680916852074,-0.156251793591002,-0.047250584827147564,0.6661292316783195,0.26363849840859727,0.2552962317057229,0.00011843659536408056,-0.2777471070188638,0.8966749438552553,-0.30416955688099284,0.7487944730831011,0.4902120689378194,0.19729195575525935,-0.942809041582064,0.5132921667794673,0.8918501283905579,0.4868094438100509,0.2596490610558703,0.15304638132725237,0.19981115444492384,-0.8967116016414779,-0.3029906496197224,-0.3937717425633798,-1.0,0.9863677369491629,0.3273794355314768,0.6880213479626447,0.6641995521209888,0.794478499115114,0.7711366067823979,0.7027521044408267,0.7614693730802259,0.7950298769795063,0.7678702038028562,-1.0,-0.12456265112102145,-0.30151134457776363,1.0,0.10785676627063154,-1.0,-0.2632478302271675,-0.8803908276576554,1.0,1.0,0.25962101617751293,1.0,0.1173024748291941,-0.33883840179150926,0.1024699608316009,-0.6333715651047498,0.2716927836342555,0.25138790959956275,0.6235241335285624,-1.0,0.08764846797630789,-0.6377835182478697,0.8105160351051092,0.5416068536820352,0.4847633563192116,1.0,-1.0,-0.5590519790021223,0.32820463248561654,-0.8953121564607884,1.0,-0.2026424945800459,-0.6278514627899424,0.7916813859140063,1.0,0.33339832699279887,0.4611478791571895,1.0,1.0,-1.0,-1.0,1.0,1.0,-0.7723333141526604,1.0,-0.708580433596791,0.5038401146422959,-1.0,1.0,1.0,-0.85299924167777,-1.0,1.0,1.0,-0.6313918125187851,1.0,-1.0,0.6396776607089474,-1.0,-0.671829530835031,-0.30533654973905283,-0.6465432200226199,-1.0,1.0,0.906431046071078,-0.3380202433056971,-0.0011591303678798691,0.7923547734168841,0.5266976720977272,-0.3015113445777633,1.0,1.0,-1.0,-1.0,1.0,0.8842897130048587,-0.2928057594267522,1.0,-1.0,-0.05621360838889847,-1.0,1.0,1.0,-1.0,-0.8993468192833023,-0.18753833108807424,1.0,-0.35455614559918236,1.0,-0.7473995749289751,0.4571390691316227,-1.0
7,1,0,19,6,Train,True,0.31954948123665483,0.07345747717121288,0.20192502890833422,-0.5979195081980512,0.5125211122183007,0.20192502890833422,0.5359244107742634,0.1439784104254714,-0.5064744932678177,-0.7018931201220584,-0.7687898719251751,0.012373245502109376,-0.26644501049782693,0.37213614049894117,0.294844722506019,0.034972441625871924,0.6349871278818232,-0.5210856625084118,0.14844122958994885,0.6600531947098123,-0.942809041582064,0.999694219196886,0.9486792206700756,0.5121365608873563,0.07800989099123368,-0.06765568467105339,0.659781987319743,-0.033637559832816216,0.6352650960491493,0.13912013394959838,-1.0,1.0,0.0912161421211042,1.0,1.0,1.0,1.0,1.0,1.0,1.0,1.0,0.4597261593947479,0.09362234751439302,-1.0,0.8294051441506819,0.4789659280284809,-0.23801667510983276,-0.3753113687746873,0.5496569783093262,-0.8979059254719192,-1.0,0.9434250387364469,-0.7845869200078621,0.1173024748291941,-0.7282721201378152,0.1024699608316009,-0.2747630591120539,1.0,1.0,0.5601920427143937,-0.6809857580648363,0.6534344405681983,1.0,-1.0,0.5416068536820352,-1.0,1.0,0.03225768580389504,-1.0,1.0,0.05038704243234315,-0.05652408743115554,-1.0,-1.0,0.9096262332390614,1.0,1.0,1.0,-0.6569417800272621,-0.7749055880313525,0.3272424614066043,0.174701547576112,-0.3273274360530113,0.21814024228057638,0.30498818429840724,-0.49918679696516766,0.6339930195339716,-0.16812628890680031,0.8081220356417688,0.13967476538239082,-0.011145806936617321,0.32998550300236473,0.6343334771815596,-0.8161860323433071,-0.24796420651125428,0.5375409723159125,-0.03780829395623954,0.060302268915552806,-0.6402669025435723,-0.2777865265463908,0.0036116136708851574,-1.0,-0.5041673523768261,-0.31027471001844803,0.4953916067483347,0.9293464376852341,0.8432099795346284,-0.7165081574018743,1.0,-0.398842008822681,1.0,-0.38368252879510856,-0.36344534300246595,0.3466533224506876,0.32440231080284715,-0.4344785143361763,0.20400078371894484,0.44385473775362266,-0.669290153409087,0.3841610248765985,-0.8066984190413239,7.543326870123749e-16,-0.49294733244288635,-0.9275916270400703,-0.3888975147259118,-0.06913895837006079,0.04526787302125987,0.7230517298905138,0.5662646200803592,-0.20062644709369085,0.42244323800333367,-0.45541289530936646,0.6213664431593419
8,1,1,19,7,Train,True,-0.04834653597967374,0.00968720774398565,0.12444078371091884,-0.2681891069104712,-0.36801777672317737,0.12444078371091884,-0.8439257374660979,-0.554125685087924,-1.0,-0.03918702087296296,-0.6451981044430464,-0.6525633943229198,-0.942605977449938,-0.9314213600877883,0.18980253203488262,-0.3801169904996881,-1.0,0.9633800171844289,0.9907949015696194,-1.0,-0.23570226039551637,-1.0,-1.0,-1.0,-1.0,-1.0,-1.0,0.3811684060479215,-1.0,-0.9279429751990956,-0.2894298421169687,-1.0,-1.0,-1.0,-1.0,-1.0,-1.0,-1.0,-1.0,-1.0,-1.0,1.0,-1.0,-0.30151134457776363,-1.0,-0.6820773767642557,0.9058080791345836,0.0417275287936751,-0.37366253273333544,-1.0,0.6217336880851668,0.33452446844081585,0.08590367737312724,0.35861042304924934,-0.3975712515238619,0.3404647085695119,0.2835698656862818,0.17524492289127724,-0.25626107354185806,-1.0,1.0,0.8275224321349332,-0.17576127720447068,0.04842797061271954,-0.8030722313216395,-0.1410481858926556,-1.0,-0.7760967078272554,-0.5924023351659237,1.0,-0.4433411795272792,0.1386001595914641,-1.0,0.4612822005326263,0.3872990522281044,-0.15075567228888123,-0.44163210535898634,-0.8669580128155162,-0.8467925090290763,-0.7940800321189802,1.0,1.0,-0.8407549553030065,-0.3196228767328455,0.22652685306552017,-0.15531529503738398,1.0,0.0849489756104988,0.8081220356417688,-0.8231960468482659,0.09253417179821258,1.0,1.0,-0.5969121729077921,-1.0,0.3379177945829022,-0.769655270435826,0.060302268915552806,-0.36739580721858256,0.4365216845729002,-0.5655545180945726,0.467238337729995,0.14414490801168453,-0.7495494116292679,1.0,-0.9726310662897514,0.3047929847965145,-0.40056233712852696,0.04170288281141519,-0.02624304057505722,1.0,-0.7144299559066123,-0.37866927069379847,1.0,1.0,-1.0,-1.0,0.0588626870760783,-0.3287146576237035,0.9373529006989006,-0.24798018402432476,7.543326870123749e-16,-0.33127879032606944,0.07768631076310788,-0.1442750186494514,-0.49977322473180436,1.0,0.03781166997293014,0.5058456615542261,0.17620235788228406,-0.16247816846282057,-0.4060725152895679,0.0327034970083862
9,1,0,19,8,Train,True,-0.5556358633307316,-0.9215878285480573,-0.4111683185505518,0.25776836358155386,-0.31519954352462526,-0.4111683185505518,-0.15685610777580947,0.40148100646385504,0.769400755856974,-1.0,0.21200566318669736,-0.3614341735890252,-0.396029787272145,0.028963085193213518,0.23765710585906893,0.33826256843578895,-0.2690108682313117,0.4446330200514314,0.2849638203077126,-0.5266648629246038,-0.942809041582064,0.23917575588321027,0.14990395305032403,0.3992943284924625,0.2755540235245317,0.20359877218220526,-0.5281333568376356,-0.3368203256459423,-0.26987262504540294,-0.2576542854760384,-0.2894298421169687,-0.40879458267047525,0.2429634416645299,0.27805196978939595,-0.32556161615956214,-0.6162749886238786,-0.2179270651704651,0.3202774778900029,-0.19010754654000936,-0.6167174787393436,-0.21058434829235184,0.9936016993370363,-0.37497300051740445,1.0,-0.07579700016665333,0.13508726013235559,-1.0,-1.0,0.7485448165255005,0.27879306037136814,-1.0,0.3019530674792243,-0.7845869200078621,-0.6066213698309728,-0.37370739186375,-0.6115142823821333,1.0,-0.10538643278725436,-0.7438836589489716,-0.4451348919993572,1.0,-1.0,0.681529981365801,0.2572192211585807,1.0,-0.04331268859450382,1.0,0.6979918446657247,0.47006944818295937,-0.0207252477400229,-1.0,1.0,-0.13462263625947124,-1.0,0.2946281007584191,-0.15075567228888123,1.0,-0.2029050668291629,-1.0,-1.0,0.4842324113474671,0.08319224542743403,-0.9785038019310538,-0.22572772896859697,0.40991400902414776,-0.7674065684688381,0.6339930195339716,-0.39652681887388086,0.8081220356417688,-1.0,-0.8522932866684312,1.0,1.0,-1.0,-1.0,0.6385968937976106,-1.0,0.783929495902186,-1.0,1.0,-0.6459718334135395,-0.5945634712386418,0.42668112820763215,-0.16825235013129705,-0.2268615769221347,0.3106308641030102,-0.7302428580686389,1.0,-1.0,0.961658144423861,-1.0,-0.6449147754494516,-0.48001938979374775,0.4267147038237405,0.06569697836992282,-0.17545183317779414,0.04165910741207933,0.26526180420887324,-0.5371265281789384,0.9373529006989006,-0.843697516650674,0.5432144762551123,-0.7806417791880745,-1.0,0.27560068783966585,-0.05438380546897747,1.0,0.0933716748311126,0.1336320389267049,-0.06454937863014458,0.42244323800333367,1.0,0.6213664431593419
10,1,0,19,9,Train,True,-1.0,0.25131993256632396,0.9984311835566839,0.6643123695730493,-1.0,0.9984311835566839,0.24863793196799613,0.0990665369846122,0.1362586350941458,0.25333217236393885,0.6089753899008131,0.5472285615930631,0.8893051278942352,0.2712599423991481,-0.03160009387127369,-0.5112332719623427,-0.023220906125548356,-0.21436660580499728,0.09364644828145915,-0.37690962320495186,1.0,-0.852578971939906,0.22361531062026443,0.14671034216026985,0.9742027376917712,0.9519128608634847,-0.3770511748638273,0.512555883332281,-0.02227151247822421,0.3299548001251936,1.0,0.09180868974205292,0.836107227305333,0.0824669892250553,-0.09878041851511159,0.000583898938935484,-0.0148425079980448,0.09277171691941336,0.015318404501325732,-0.0033332883914340542,-0.0038315150937527844,0.4597261593947479,-0.10469966404857571,0.6030226891555273,-0.03811147835798175,-1.0,-1.0,0.04531870457470031,0.32174527384991325,-0.17112125774518303,0.01019235554238075,0.9840985179910824,-1.0,0.23795644893922138,-0.9589888355154607,0.22146733470055607,0.054072511809409814,-0.16026540658202118,1.0,1.0,-0.27115238391031504,-1.0,0.19188479254775354,-1.0,0.5416068536820352,-0.26550761684233704,0.47076224634610925,-0.41509074784013367,-0.7806212120048448,-0.06972981476927106,0.3374518388816411,-0.6558342747149178,-0.16863256541975896,1.0,-1.0,0.5276448530110864,-1.0,-0.2029050668291629,-0.0940813250496592,1.0,1.0,0.5330126284737846,-0.6403929965713009,-1.0,1.0,-0.6711225479290596,1.0,-1.0,1.0,-0.38156656099572583,-0.25250699439389107,-0.7683766765009992,-1.0,1.0,-0.1226141963992462,0.6015278297541492,-0.8243728013875709,0.783929495902186,-0.8344506094053852,1.0,-0.8466997839375238,-0.20975628034582816,1.0,1.0,-1.0,-1.0,0.9386369146204441,-0.5495933844272759,0.04170288281141519,-0.4536876033126949,0.42211588240886916,-0.5982147282053693,-0.40120120036163304,-0.13705809751811973,-0.6065904334926849,1.0,-0.12841312490939924,0.20050281969895117,-1.0,1.0,-1.0,1.0,-0.1946226253941266,1.0,0.4744874499905034,-0.19205151198201972,-1.0,-1.0,1.0,-1.0,1.0,-1.0,1.0
11,0,1,19,10,Train,True,-0.4559336318094049,-1.0,-0.9529265889907202,-1.0,-0.17463946813425227,-0.9529265889907202,-1.0,-0.5973716299802202,-1.0,0.39712546493099093,-0.889574921254161,-1.0,-0.6981914677213533,-1.0,0.27471784334071236,-0.49774197629477634,-1.0,0.885628689432841,1.0,-1.0,-0.942809041582064,-0.6676755282848583,-1.0,-1.0,-1.0,-1.0,-1.0,0.4986314972489884,-1.0,-0.9075517836995702,-0.9406469868801484,-1.0,-1.0,-1.0,-1.0,-1.0,-1.0,-1.0,-1.0,-1.0,-1.0,-0.6080249204898281,-1.0,-1.0,-1.0,-0.969121757013193,1.0,-0.24313434305799977,-1.0,-0.17112125774518303,1.0,-1.0,-0.005726911824871758,1.0,0.7320916853756391,1.0,-1.0,-0.06689813132341343,0.016853121201130836,-0.9870079558671891,0.3808552567900609,0.5881514437306721,1.0,-0.32739628036982793,-0.8030722313216395,-1.0,-1.0,-0.7903080197408584,-0.4783212977080179,-0.018352121828683964,0.32483565224591854,-0.2516483344537758,-0.3216772466410522,0.4694702780496863,-0.13502812878285114,0.5276448530110864,-0.46149631999469193,-0.2029050668291629,1.0,1.0,-1.0,-0.49547516695611593,-1.0,1.0,-1.0,-1.0,-1.0,-0.10045054832787612,-1.0,1.0,1.0,0.8671532935916375,0.3232044326317539,0.006090940539874924,-0.4807570824335552,-1.0,1.0,-0.6633249580710798,0.045166582167701634,-0.9920947376656813,-0.5645281245575167,-0.5486366278270255,0.20770152654008514,0.2847416121877747,-0.6296566216614355,0.6543617383153568,-0.29411551696837457,-0.507864691183626,1.0,0.24515387461039317,1.0,1.0,1.0,-0.9339719815052993,-0.8615069875036216,-0.19537696249766984,1.0,-1.0,1.0,-1.0,0.2535446157329103,-1.0,1.0,1.0,-1.0,-0.525873016938058,-0.20693884809718463,0.6674917250323313,-1.0,1.0,-1.0,-0.24772491107416286,-1.0
12,1,1,19,11,Train,True,-0.8069352858292437,-0.9761182888112676,-0.7241453773146629,-0.47444919671649055,-1.0,-0.7241453773146629,-0.6499726666171838,-1.0,-1.0,0.5504119796551544,-0.7764227344479468,-0.8792200678005532,-0.9113576657642375,-0.9479239149334143,0.24274289238236793,-0.4579018639480675,-1.0,0.8507508598741335,0.9657193236826829,-1.0,-0.23570226039551637,-0.794634708068388,-0.9652867649955621,-1.0,-1.0,-1.0,-1.0,0.4588585821134298,-1.0,-0.9409104824277573,-0.2894298421169687,-0.8247401607103624,-1.0,-1.0,-1.0,-1.0,-1.0,-1.0,-1.0,-1.0,-1.0,-1.0,-1.0,-1.0,-0.6914568183223897,-1.0,0.23300185028555265,-1.0,0.06300141130750735,-1.0,-1.0,-0.43907784496003077,0.45242603416512117,-1.0,0.30439620848053106,-1.0,0.13732091498628554,-0.386671984649697,-1.0,1.0,-1.0,-0.6304644972364762,-1.0,-0.807616156625306,-1.0,1.0,-1.0,0.8456832357678502,1.0,-1.0,-1.0,-1.0,1.0,1.0,-1.0,-1.0,-0.680470870036347,-1.0,-0.3480887965588449,0.7246202329759425,1.0,0.5296673571158529,-0.11444285490057456,-1.0,-1.0,1.0,-1.0,0.12424358010438086,-1.0,-0.5853947744893433,0.08430778097154158,0.1975352523253036,-0.5822157662253619,1.0,-1.0,0.0974057066791254,-0.2293196522873458,-1.0,-0.0959641880430039,-1.0,0.020949008116093865,1.0,0.18084987904018507,-0.9730140988014517,1.0,1.0,-1.0,0.09422073990331953,-1.0,0.6103563722899966,-1.0,-0.8033794878894307,-0.3130460417582876,1.0,0.6931071439786018,-0.45440364365605196,-1.0,-0.06355760745432472,-0.059304190808400374,-1.0,-0.16148404250036108,-1.0,-0.8263864799997672,-0.8851869957303798,0.9976700682130143,0.580544061914799,-0.26514039912451837,-1.0,0.695449415463633,-1.0,-1.0,-0.5197728017809826,-1.0
13,1,0,19,12,Train,True,0.7195825419943263,0.10368644441839506,0.10276033846664,0.5732493217147037,0.7059723351097363,0.10276033846664,-0.36881214480363894,0.27015130451637515,0.33552803209571724,0.3325191971113671,0.6632607580201118,0.4787777429927713,0.4557871148890458,0.13989920894136337,-0.20437990492543834,-0.11629962077584474,-0.6778879290250968,0.5917021952587423,0.29425107137694795,-1.0,-0.23570226039551637,-0.13345768088403237,-0.4798211450846833,-0.23303737684039016,0.07011031094358143,-0.17119619975283948,-1.0,0.11745209603942644,-0.6782613774062851,-0.48036694757528353,-0.2894298421169687,-0.5155600169288832,0.04331579796132144,-0.773227606183813,-0.7189846451124235,-0.5301154594482957,-0.6273972758920497,-0.7409636035897663,-0.6342190535779303,-0.5309558327388486,-0.6103985077089645,-1.0,-0.19690196952320246,-0.30151134457776363,-1.0,0.08062627240888477,-0.11137842509152582,-0.0051207434045193335,-1.0,1.0,0.9478890654413191,0.8451908012024035,-0.9678480984038601,1.0,-0.7733608903113068,1.0,-1.0,-1.0,0.5296966715771783,-0.7570220658907576,0.8465750001474719,-0.08643952359042788,-0.27783871262191834,1.0,-0.13073268881980174,-0.2690648426384995,-0.2660830088043216,-0.7608047566474927,0.10137244758888295,0.25812434308718024,-0.8167831870032485,0.7657852393070289,0.6306007698469972,0.9261303925519018,-0.2613976080596957,0.5276448530110864,-1.0,0.4611478791571895,-0.5337090545151386,-0.6591534567863484,0.31337010345254396,0.2522670944668516,-0.014261875534721748,-0.0037937433440101,0.2683472305093956,-0.42353506654105444,0.6339930195339716,-0.013078062694535817,0.8081220356417688,0.04554794686377294,-0.4741924298215529,-0.8991272292733857,-0.4921744717919128,0.060909405398753294,0.9070466009493929,-0.07744390629984313,0.8787103494854853,-0.6633249580710798,0.11754006327987432,-0.2777865265463908,-0.028317881662587516,0.05011225393891087,-0.35534794530461256,0.5286050777415249,-0.9074463076885395,-0.6632732794986391,0.6320833774092213,0.2730579966618187,0.04170288281141519,-0.2529845740873664,-0.3015113445777633,-0.5348782177286665,-0.26564429863056427,0.690460856990024,0.4011814625593383,0.6016282102973524,-0.6386298218738344,-0.15764197419063927,-0.11521957071346306,0.3841610248765985,0.12400483461350867,7.543326870123749e-16,-0.28384054314248414,0.004177047745405486,-0.06395659878578147,-0.32057007789120573,-0.30394143314274086,0.4452517055996016,0.2606863042725861,-0.5722215186672208,0.42244323800333367,-0.15310086830253689,0.0327034970083862
14,1,1,19,13,Train,True,0.4932900011034028,0.8937465013213569,0.8741337312951759,1.0,0.48871866744840026,0.8741337312951759,0.6117812860986472,1.0,0.4059393886525063,0.3750814951668829,0.5375070609437161,0.09284617165047344,0.38074061536257603,0.03291043272490975,0.5595453724147444,0.6355957149972808,1.0,-0.9631901128724616,0.014704814192955882,0.944698251334614,-0.942809041582064,0.7400049878214845,1.0,1.0,1.0,1.0,0.9428846326600859,-0.6335691999365489,1.0,1.0,-0.9406469868801484,1.0,1.0,1.0,1.0,1.0,1.0,1.0,1.0,1.0,1.0,-0.07414938054754047,1.0,-0.30151134457776363,0.5653277474028668,-0.19330250299835708,0.37358869867419026,1.0,0.7553417097781684,-0.8632971317706465,-0.88673493218704,-1.0,0.062996030073628,-0.24465944750088972,1.0,-0.25452216077526657,0.07516779445760355,1.0,0.47881516125876883,-0.45464176323310856,0.6416583130702113,0.08764846797630789,0.49198226743378526,-0.4944292808065161,-0.13073268881980174,-1.0,-1.0,-1.0,0.24352038968129658,0.2768775163747631,-0.5340614131577537,-0.15408621094246566,0.44354615946541626,1.0,-0.9943405878653924,-1.0,-0.9569623685105072,-0.8669580128155162,-0.15870896721824893,-0.3533232306711005,0.20000791155280864,0.10938397158005218,0.23619057287991002,0.055957714324147555,-0.38544589529821033,0.06476246619639778,-0.037293707031409815,0.0069830108423015866,-0.4040610178208844,1.0,-0.2186239604496765,-1.0,-0.4446594436787274,-0.32281984861339774,0.8712323123459618,-0.982861265155301,0.947107263175166,-0.6633249580710798,0.2970515633595252,-0.9920947376656813,-0.751245184991329,-0.19920806826750964,1.0,1.0,-0.31019848273026646,-0.9497156746755947,-0.7929738733819283,0.4101665601766669,0.04170288281141519,0.556712088693477,0.42211588240886916,-0.1540156738389316,-0.30625725164960765,-0.6639112633827813,-0.6399360621669494,0.4422271757383486,0.48230080024500066,-0.3744133033034498,0.24568879049194386,0.3841610248765985,0.385859532150049,7.543326870123749e-16,0.053487839578938726,0.5923437010352924,0.6128813091442072,0.21771422400802107,-0.7889543583705186,-0.37888836646343865,-1.0,0.29657822613849744,-0.7473995749289751,0.2804660957723572,-0.5559594491425692
15,1,1,19,14,Train,True,-0.4538122031913008,-0.2504868103087763,0.2799417310789725,0.4252400066709964,-0.6564057033914714,0.2799417310789725,0.649755054235478,0.9100916742205936,0.6405455988309093,0.5010797145934055,1.0,1.0,1.0,1.0,-0.0948330726928108,0.17072663864441331,-0.6833225971352207,0.671878776055775,-0.05402084371938714,-1.0,1.0,-0.5086821213203269,-0.9046522037570789,-0.6812449600626973,-0.30966676685097394,-0.3039522539718123,-1.0,-0.16972295280519903,-0.6840205386043405,-0.4808759351395075,0.36178730264621045,-1.0,-0.3781233523751169,-0.2869928801304145,-0.7525500001201852,-0.947228281343935,-0.6799423573352641,-0.2251418040375927,-0.6674189855341114,-0.9480939847167287,-0.6735715431679835,0.4597261593947479,-0.5538277413427779,1.0,-0.6549420441186183,-0.9420161736737436,-0.1518927293488616,-0.2608972721758196,-1.0,1.0,0.7032725324242046,-0.21774925195441955,1.0,0.9618802935993883,-0.026079997797299696,0.9354515779142903,-1.0,-0.7291287494131877,1.0,0.38365792817119493,-0.028978117364461244,-0.5216595025072668,-0.5729769598763331,1.0,-0.13073268881980174,0.6393400447158762,-1.0,1.0,-0.14831333824831947,-0.2574277255949239,1.0,0.29191206796638036,-1.0,-0.04556361143722735,-0.017083281457796036,0.5276448530110864,-0.09778724571803127,0.4611478791571895,0.04636306905145003,0.03277085097873011,1.0,1.0,-0.6904834862542275,-0.5842364749775452,0.7474889410712741,-0.8430582988929514,-0.037293707031409815,-0.3021995362035982,0.202030508910442,-0.5885583603320459,-0.5717568561853772,-0.014060794310792624,0.3553480734858114,-0.8344588539629335,-0.20319634575696552,0.4244800313296301,-0.7012583567461453,0.783929495902186,-0.5446792063199487,1.0,-0.5006444015161845,-0.3707470443286104,0.903291620068687,0.5992773345823974,0.25927037362529665,-0.6059848004632481,0.09930345483696056,0.2492130290940183,-0.7089490077940542,0.057190382019304736,-0.3015113445777633,-0.46918956096639547,-0.40878074312676266,-1.0,-1.0,1.0,1.0,-0.07815340713811386,-0.19146781603854912,-0.1690308509457033,-0.09046891390191104,-0.5432144762551104,-0.5221852854703567,-0.6751852333269619,0.30024801532267464,-0.016471644205729333,-0.03233419501518513,0.0748516732117183,0.6865349746661986,-1.0,1.0,-0.6020874208454462,1.0
16,1,0,19,15,Train,True,-0.8372360265515107,-1.0,-1.0,-0.5357635139460803,-0.7794173550839528,-1.0,-0.3879113888802185,-0.2003188866890786,-0.5524169460519489,0.22414410670514265,-0.09351171243378255,-0.025971867892709354,-0.7809148320841804,0.3352209924576855,0.3691475907407686,-1.0,-0.20246255747956637,-0.22077486505379948,0.9053521917326516,0.7506691205086286,0.4714045207910308,-1.0,-0.1542932428870598,-0.5143161877130469,-0.6559609609661441,-1.0,0.7498082988592636,1.0,-0.20381405127236749,-0.46205152767203594,-0.2894298421169687,0.09647255043637844,-0.5063812663074839,0.37950945228886424,0.14466582103805822,0.16319898531449986,0.22909068794430607,0.40591280336502555,0.219043726503849,0.1640437999755067,0.22535318892511866,0.4597261593947479,-0.5917158934706815,0.6030226891555273,-0.7029923155759387,1.0,1.0,1.0,-0.265499107411876,0.10574909186500267,-0.11211591096617647,1.0,0.7502254490586194,-0.36531342161091696,-1.0,-0.49251690851317753,0.5498907472281029,0.7882113507346081,1.0,1.0,-0.178008435238833,-1.0,0.8723312155048533,-0.7762974690434277,0.5416068536820352,-0.03762031971073864,0.47076224634610925,-0.4691287482388886,0.25203713480437845,0.23795764943089365,0.8423194457110071,-1.0,0.12045183244268519,1.0,0.4968192676013701,1.0,-1.0,0.4611478791571895,0.6767280390267056,0.34582775350252726,-1.0,-0.38677148203167955,-0.3774179257359374,0.5937208333375699,0.4001482640683698,-0.10029585472893854,-0.037293707031409815,-0.26091238442997816,0.202030508910442,1.0,0.1286979127701902,0.24294866413458016,-0.3357792335039899,0.2984560864538948,-0.25691777866211185,-0.6217372401281388,0.7350768307371559,-0.6633249580710798,0.21145064172827402,-0.2777865265463908,1.0,1.0,-0.7979264296234174,-0.4184823456920044,1.0,0.2533423850676192,1.0,-1.0,1.0,-0.39555109560835006,1.0,1.0,0.39288424684508216,0.0579620002158214,-0.2321947351026856,-0.19537696249766984,-0.16706590498246243,-0.06135333283426427,0.5100160409522414,-0.1690308509457033,-0.24019733152599942,7.543326870123749e-16,0.7335852707787597,0.0603099022635987,-0.4045347520237745,0.33650215827957247,-0.4785460862247404,-0.22146835269858825,-0.6041360172229486,0.21807222510183683,-0.16247816846282057,-0.22963476784111117,0.0327034970083862
17,1,1,19,16,Train,True,-0.8983497625307173,-0.24388791413793215,-0.3516674671340452,0.44165801419495027,-0.6199261815638916,-0.3516674671340452,-0.10263160098734131,0.16961540555744276,-0.42442086800482587,-0.41455621303692164,-0.5471152801369216,-0.12365798163030121,-0.7470166905836824,-0.4836537858065638,0.4771007208685375,-0.2210062320659668,1.0,-1.0,-0.4357268626649711,-0.11115223304899287,1.0,-0.5223732202533837,0.7343879463143876,1.0,1.0,1.0,-0.1131353731853088,0.22205060620151995,1.0,1.0,1.0,0.3585629645886896,1.0,1.0,1.0,0.8901571715430738,0.9796275601318158,1.0,0.9792723247302982,0.8793708213147108,0.9648796119382175,-0.07414938054754047,1.0,-0.30151134457776363,0.7023822765905462,0.03128661609978575,0.031262976398879934,0.21754254259653868,1.0,-1.0,-1.0,-0.7603777143133669,1.0,0.1173024748291941,0.4406975938512757,0.3404647085695119,0.23291915422876186,0.5021761109826035,0.6159613365339233,-0.0790719370964585,0.6044007336016181,-0.10820052253626997,-0.7916916143989243,0.21546097104940773,0.5416068536820352,0.5849740825452006,-0.2660830088043216,-0.40234041191764774,-0.29873979802965983,0.7606448848476449,-0.08059565286063922,0.06891292851195704,0.171466726183116,-0.019611628987736104,0.3283266285655783,-0.15075567228888123,0.013530743009030581,-0.2029050668291629,0.36151314394093725,-0.03822861423604097,-0.7492147981449752,-0.6610879363161732,0.6369144903433207,0.4230023828571184,-1.0,1.0,-1.0,0.5411077275849823,-1.0,-0.3038863329798766,-0.7778088577184393,-1.0,-0.5142771486551169,-0.5786393512881657,0.8085573072899576,0.3318280669817282,0.5093670155612087,-0.6633249580710798,-0.4092767853111027,-0.2777865265463908,0.27913026434081945,0.052635935181793964,-0.641932600046397,-0.657027523373636,-0.2268615769221347,0.5627001718587309,-0.725229874228102,0.8989883953165636,-0.7089490077940542,0.544227181845611,-1.0,-0.5749264227074391,-0.56592819821746,-0.887475649250506,-0.778249624569027,1.0,1.0,-0.10649382428988062,0.6320132334723789,0.3841610248765985,0.2083932286176232,1.0,0.37386654700349065,-0.5526639084200862,-1.0,-0.4133934555024013,-1.0,1.0,-0.2046675555435357,0.9717298350537856,-0.7473995749289751,-0.08793729195223111,-0.5559594491425692
18,0,0,19,17,Train,True,0.7208412441019909,1.0,0.8146815025181493,0.5891600263766937,1.0,0.8146815025181493,1.0,1.0,1.0,0.8168911140170423,1.0,1.0,1.0,1.0,0.5230635036450424,0.8708628306662934,0.6396338280933427,-0.26279713057688514,-0.15153697994636106,0.7774921809198573,0.4714045207910308,-0.2018837323258049,1.0,0.97121827173581,0.6098813617187937,0.4084421643948691,0.7756891286277006,-0.8680602266330625,0.6383790366566566,0.4591304659776584,1.0,0.9796617786385695,0.5778592707041728,0.6641788410887635,0.7942960166499151,0.9619111765377109,0.8784828094504494,0.6478774659261389,0.8957795201881731,0.9616213231912555,0.8860698948023266,-1.0,1.0,-0.30151134457776363,1.0,0.2533775247519141,-0.4525615696780014,-0.83390218126836,0.6000313701255362,-0.24033884514772907,-1.0,-0.3387326975478909,-0.5555104470128657,0.47926439715927727,0.05937694109609666,0.5784594563074236,0.060727638472390995,0.20619886582688615,1.0,1.0,-1.0,-0.8045524888032121,1.0,-0.4526710306973441,-0.13073268881980174,-0.9664517385272782,-1.0,0.6367093352201035,-0.039310682372506144,0.49337205864653255,0.12578672145173414,-0.39102279661279055,0.8176553802285782,-0.04125134635881027,-0.18557592049358926,-0.15075567228888123,0.029697744307781535,-0.8669580128155162,-0.2548296923976335,-0.5018804476312164,0.42952316205259206,-0.005107554379945056,-0.5777798844676431,-0.19158403887250683,-0.3436094383947002,0.03725274604217567,0.6339930195339716,0.10192394332673353,0.202030508910442,0.039986322393508834,0.44108831682990124,-0.05610608346903579,-0.5107666846034872,0.7370038053249258,0.6653001528762341,-1.0,0.7282371393681868,0.060302268915552806,0.3569110472604154,-0.2777865265463908,-0.6193474323860542,-0.41323933656162176,-0.013516591679324255,-0.789043429253223,0.14815449921445498,-1.0,0.03009048244087368,0.28498048044571833,0.04170288281141519,0.4486228189357754,0.42211588240886916,1.0,1.0,-0.6927410584112798,-0.6121553743032231,-0.13560157453804278,0.6137202524934157,-1.0,1.0,-1.0,0.04820829540908842,-1.0,1.0,1.0,-0.49576254605653336,-0.09665297613950977,-1.0,0.16745168130868934,-1.0,1.0,-1.0,-0.27458914747686214,-1.0
19,1,0,19,18,Train,True,-0.029248200683887594,-0.13457212795289145,-0.5705034161465593,0.2521417629099837,-0.40858227831926597,-0.5705034161465593,0.37191035683771284,0.37979358495185506,0.06706105524718271,0.28203887915893405,0.32243902253660217,0.551605203759208,0.3649775779970847,-0.09581601471328509,0.20373122465258645,-0.7636318249226951,-0.9293767503567353,0.6919700423373536,1.0,-0.9293094150113801,-1.0,0.19795524296647987,-1.0,-1.0,-1.0,-0.9520438304549628,-0.9312531442567358,0.7645010220643277,-0.9313536325905524,-0.8325629562929076,-1.0,-0.9304149070695841,-1.0,-1.0,-1.0,-0.9531600081800722,-1.0,-1.0,-1.0,-0.9556914164001624,-1.0,-0.6080249204898281,-0.9576347369885572,0.6030226891555273,-1.0,-0.16519763548052913,-0.01011015806699277,-0.5120230440541605,0.18280964603826935,-1.0,-0.47904071049184904,0.7395883804276866,-0.18898809022086974,0.8412263194893604,-0.6546278265471167,0.6974568301763787,-0.9133303717437159,-0.7921814496749137,0.3900729588931963,-0.6406494896155559,0.2877113081185788,-1.0,-0.246772480101537,-0.5570666559702746,0.5416068536820352,0.21798566217942555,0.47076224634610925,1.0,-0.5072402675238612,0.3390073223144762,-0.6912788305273067,0.3058495141822819,-0.30467228206090835,-0.10325516433451135,0.45469610784242137,-0.15075567228888123,-0.040352482001489234,0.4611478791571895,-0.6509325665367345,-0.8372802308836155,-0.26900720342232187,-0.29831582102848675,0.34889417466649447,0.2778916999487344,0.0693629987052273,0.5874471491266289,-0.037293707031409815,0.801659594245075,0.202030508910442,-1.0,-0.9619120872075364,-0.42668085838364983,-0.5786763634092393,0.006090940539874924,0.9518144617036814,0.09588530739819147,0.687198991154379,-0.6633249580710798,1.0,-0.2777865265463908,-1.0,-0.9759079271927584,1.0,0.8623763695146749,0.05092810910496857,-1.0,0.26070125726424176,0.05845328855161949,-0.7089490077940542,0.8766353756092243,-0.3015113445777633,-0.4401066093713656,-0.4096326370970197,-0.6568375823757985,-0.7321634951241409,1.0,0.5441452483619019,-0.29693866210542347,1.0,-1.0,1.0,-0.5432144762551104,-0.7659801679405015,-1.0,-0.16856061660374738,-0.2704845638875876,0.7242859683401484,0.380431699931722,0.4640828523069881,-0.2424963143132436,0.42244323800333367,0.016397856819431997,0.0327034970083862
20,1,1,19,19,Train,True,-0.1987017989367058,0.4725037876909096,0.9640892869554926,0.7646853927351709,-0.2163223245703605,0.9640892869554926,1.0,0.31472396993077584,0.43873055147333995,-0.17807913701844247,0.3489246889977779,0.8141179676464645,0.688745668465733,0.9366561095327032,-0.0005139294796853212,0.23797159729656758,0.19797499755504933,0.059966716677200896,0.4679226663716543,0.1475588823528699,-0.23570226039551637,-0.1268623988173554,1.0,0.7440483221181096,-0.06563698157591986,0.21419856320489764,0.1486064514082121,-0.23701637173000875,0.19951190268419042,0.04885044900421356,0.36178730264621045,0.9869366651111657,-0.07403943796271086,0.8694947765487757,0.8607460374968652,0.8970442908462386,0.8988748036596893,0.9091051084243214,0.894623051258358,0.8994417174248227,0.8981764500238447,-0.07414938054754047,0.18170580865120425,0.6030226891555273,0.6514302198970543,-0.6292402258307181,-1.0,-0.10212222614697027,-0.672840733729623,0.48644582257900704,0.9478890654413191,-0.012663279636173487,-1.0,-1.0,-0.08960391348135843,-1.0,-0.05088132145165398,-1.0,-1.0,0.20702985067248136,-1.0,0.1311704658679911,0.7110590777198215,-0.546627093442981,1.0,-0.6805976264407382,1.0,-0.30686985686168905,-0.2291209281724986,1.0,0.14521370562910343,-0.22377344202197336,-0.49172689244249007,0.7949728431295047,0.30305273271020855,0.5276448530110864,-0.6914447498322874,0.4611478791571895,0.22892533892436634,-0.11786206516041883,-0.4363085269519179,-0.6206596761248518,0.060873858989667726,1.0,-0.6428706934376862,0.7387506099748541,-0.037293707031409815,0.06339878907048795,0.202030508910442,0.9111537039786436,0.1248817378288333,0.28035862242130233,0.08285535200646699,1.0,-0.18528920145524994,-0.5419262561923253,0.0579473852093142,0.783929495902186,-0.06369270844459514,1.0,1.0,1.0,-0.14512109115679922,-0.42216538658078334,-0.10185621820993837,-0.7091040627269518,0.7503560006492141,0.38632159260886756,-0.7089490077940542,-0.2480070811027395,-1.0,-0.02049879867853733,-0.0983421624182982,0.07448960289263117,-0.13601906901790822,-0.4743287729759268,0.3663424600258107,0.0437829346345651,-0.15080208519850327,0.3841610248765985,-0.21305519434441056,0.5432144762551123,-0.09154605055214228,-0.4133617699676285,-0.48269303796484986,-0.2849208749518226,-0.7113522903340737,0.6026717193644517,0.5531499012803438,-0.04361444502036774,-0.16247816846282057,-0.3976585220441053,0.0327034970083862
21,1,0,19,20,Train,True,-0.3754312893831382,-0.05458925308507237,-0.07816407644297482,-0.8439564325999308,-0.4076382114400421,-0.07816407644297482,-0.9431832836017197,-1.0,-1.0,-0.09201624017143847,-1.0,-0.7306973598729559,-0.7259848630507995,-1.0,0.44637816983031703,-0.4894312516139847,-0.7553555769487473,0.42268574288282823,-0.030802716046298483,-0.9455034021597544,1.0,-0.5769903998680515,-1.0,0.13539229333875757,0.791293574422136,1.0,-0.9479257338038599,0.49012744038869843,-0.7576252033198857,-0.3500858874617689,1.0,-1.0,0.6754612556467331,-0.6364300866263789,-0.3511275933133496,-1.0,-1.0,-1.0,-1.0,-1.0,-1.0,0.9936016993370363,-0.5505555459089342,1.0,-1.0,0.7636370083536783,0.2524964662046666,0.09487652100160925,-0.16774883831181428,-0.7248619569655537,-0.8459655100175206,-1.0,1.0,-0.6066213698309728,0.8683678510155047,-0.3735195346442217,-0.12489277038916305,-1.0,0.13986971467519768,-0.6710022153283574,-0.01034932763016467,0.19645346270551736,-0.1555142143675954,-0.8598139692617708,-0.13073268881980174,0.22429012350645772,-0.2660830088043216,-0.8261683395228495,1.0,0.40197700221813376,-0.26548905163342273,0.16647505202326718,-0.30467228206090835,0.5901211835854782,-0.7331769973599138,-0.15075567228888123,-0.5186618829948622,-0.2029050668291629,-0.35879175485066656,-0.5101350110238684,-0.2566466870373981,-0.2983517726644834,0.7120502248677102,-0.22572772896859697,-0.015080810337987647,-0.13468300492171617,0.6339930195339716,0.319620013115936,0.8081220356417688,-0.41904288559389563,-0.3930734749097064,0.46238272548692894,-0.1298505143182126,0.6456396972267938,-0.6687820976015674,0.3856207839811506,-0.5439454552598788,0.060302268915552806,-0.5933509580598365,-0.2777865265463908,-0.29880349414479007,-0.15830924739471705,-0.7176451290413349,-0.7893036325492534,0.8565181985835697,0.48249630120918324,1.0,-1.0,0.04170288281141519,-1.0,1.0,-0.47809754354643413,-0.5182600524968273,-1.0,-0.4775252753627846,-0.2950026090970474,0.5054924682888384,0.13130834980283834,-0.76078804779919,0.9373529006989006,-1.0,1.0,-0.19181820734612554,-0.16523236880561684,-0.8820101217791415,-0.40920488961081153,0.413877696194371,0.19523168373778035,0.6983551142660199,-0.179691513483914,0.42244323800333367,-1.0,0.0327034970083862
22,1,0,19,21,Train,True,-1.0,-0.5033015334980552,0.24121922009204172,0.2511014461977381,-1.0,0.24121922009204172,-0.35837529591761147,-0.29276546540613535,-0.013690662750800681,-0.5879074241918991,-0.6181655828167528,-0.7608706971966537,-0.8657037401785793,0.6113853678724278,0.18044897709972474,0.7745655421066944,-0.9412494340999886,1.0,-1.0,-0.4160288419105185,0.4714045207910308,1.0,-1.0,-1.0,-1.0,-0.6642782546756786,-0.41710568657899183,-0.7730606757970568,-0.9432238955656999,-0.7832107444782305,-0.2894298421169687,-0.9183898222083903,-1.0,-1.0,-1.0,-1.0,-1.0,-1.0,-1.0,-1.0,-1.0,-1.0,-0.8066689374902979,0.6030226891555273,-1.0,1.0,0.7882797496151381,0.9506714188613236,0.18669473866869737,-0.3441652262515485,-0.6421183991699247,-1.0,-0.028634559124370997,-1.0,1.0,-1.0,-0.48944456436951256,0.9038607758615091,-0.03766881409569443,-1.0,1.0,1.0,-1.0,0.6330434721411282,-1.0,0.6590840778041313,-1.0,-0.27150457853123255,-1.0,-0.18707229523275878,-0.661722863706526,0.5845984385003101,1.0,0.04165064324077572,-0.025507913409585473,-1.0,-0.040394474787711264,-1.0,-0.3657217964236575,-0.15770102085371784,1.0,0.9335872430349238,0.08591910383113106,-1.0,-0.28034273710335705,0.8075249103604106,-1.0,0.7064852992342204,-1.0,1.0,1.0,-0.769906532649367,-0.7840806110648841,1.0,1.0,-1.0,1.0,-1.0,1.0,-1.0,0.6985171368192826,1.0,0.9797192886883195,0.6764747814191234,-0.19908260831942476,-1.0,-1.0,1.0,-1.0,0.9896345629620977,-1.0,-0.08512453219222793,0.348132320321544,-0.27181346967855363,-0.6654024852832995,1.0,1.0,-0.8138235520146488,1.0,-1.0,1.0,-1.0,-0.18659071525833976,0.5510397940499537,0.3136488411143954,0.046036865941548585,0.7630870023583709,-0.10108834217252619,-0.24359176308107977,0.8670551670049041,-0.7473995749289751,1.0,-1.0
23,1,1,19,22,Train,True,0.2416540514823471,-0.0307444936737292,-0.7023254199213246,-1.0,-0.26662844800295865,-0.7023254199213246,-1.0,-0.9920953836144101,-1.0,0.7042722046421845,-0.8859591329491643,-1.0,-1.0,-0.2951863766334361,0.618356992746839,-1.0,-0.22750826441256078,-0.2331276670757156,1.0,0.7098822590782622,-0.942809041582064,-0.8428627081809624,-0.6300674302043783,-0.28966910355343367,-0.45442524585528626,-0.26320625441685885,0.707280263446107,1.0,-0.2299053350434811,-0.4660920431343863,-0.2894298421169687,-0.8033985769420309,-0.44371794323653196,-1.0,-0.9376201470585092,-0.7802962024561504,-0.9360174359879139,-1.0,-0.8897822880283448,-0.7847743304070209,-0.9096806818644783,-0.6080249204898281,-0.3207314275743588,0.6030226891555273,-0.7841286143418057,1.0,0.41929577657137196,-0.8117949225160508,-0.6911952680949733,-0.17112125774518303,-0.682887821339444,0.37113921572867387,0.6127795652616199,0.35861042304924934,-0.4007955722161027,0.3404647085695119,0.5214962934011563,-0.4760526311801573,-1.0,1.0,-0.8672736554078012,-0.586942499344793,1.0,-1.0,0.5416068536820352,-1.0,-0.2660830088043216,0.8380342416325334,-0.5253202315988269,-1.0,1.0,-0.04258664121525463,-1.0,0.682714822983806,0.5389424273603187,1.0,-0.5883994494392022,1.0,-0.4190421272939227,-0.4731376620752588,0.7392541191448521,0.48592579306189204,-0.152010722162769,-0.10622481363228128,-0.1489813619121054,-0.28598646576994147,-0.037293707031409815,0.3915193123207472,0.202030508910442,-0.3984187394270458,-0.08987912608393586,0.18191862879620657,-0.09503712634520241,-0.23145574051526657,0.10122510737219735,-0.9172231816628075,0.18790152121970768,1.0,0.5586587758565689,1.0,-0.09148436584669975,0.18628958300837095,-0.963736077108523,-1.0,1.0,1.0,-1.0,0.9466783304521633,-0.7089490077940542,0.8677207059384657,-0.3015113445777633,-0.6653914775156529,-0.6082769544826155,0.16128542721890246,-0.007938269771483965,0.282826141179344,0.2735757878504589,-0.057443102296438134,-0.15080208519850327,0.3841610248765985,0.18311979433438944,0.5432144762551123,-0.3679588730045696,-0.01925804327108042,0.15977349488600714,-0.06902403948389982,-0.18753833108807424,0.5471117145062694,-0.9226474949916855,0.4431227614069326,0.42244323800333367,1.0,0.0327034970083862
24,1,1,19,23,Train,True,0.26502445529048135,0.14642297523279502,0.6454834954508094,0.8410186329656298,0.383027026381935,0.6454834954508094,0.12973158192782644,-0.6771776396608882,-0.2268652112960992,0.4709633941821927,-0.40037682468627256,-0.013362167163716038,-0.15268151815829567,-0.8651151110167453,-0.2656541888170823,0.27315619662262186,-0.036612975093005935,0.012390969240355045,-0.3549277783626213,-0.3125401058592418,0.4714045207910308,-0.08371826196451128,0.4357602232216143,0.5824702093711436,0.6227381856947152,0.4438830343808776,-0.31156576667038594,-0.2725083587468214,-0.03454870691802388,0.05784999886033456,1.0,0.49028467038740925,0.6450428253011599,-0.12236879202297514,0.09596223040109586,0.26493684656748295,0.16143879941154096,-0.12856044991456156,0.1598300493986413,0.2655764126464729,0.15894147579270856,0.4597261593947479,0.26740520735077067,0.6030226891555273,-0.22681823806644533,-1.0,0.3413796467837271,-0.22533161351314865,-1.0,1.0,1.0,-1.0,0.521148976063623,0.23795644893922138,1.0,0.3404647085695119,-1.0,-1.0,0.6625230423785431,0.9708321799277215,-0.19663722497312874,0.30525845743472685,-1.0,1.0,-0.8030722313216395,1.0,-0.2660830088043216,1.0,-0.32853501668882745,-1.0,0.058288190392474695,0.7518477930911279,-0.3896971049616276,0.015654168046453046,-1.0,-0.8291561975888498,-0.1500082918871575,-1.0,0.07416902677966855,-0.27661096698225235,-0.10771074074293102,0.2053162364502933,-1.0,0.5168975306213666,-0.20315719613919062,0.06476246619639778,0.6339930195339716,-0.013379101395659822,0.8081220356417688,1.0,0.3596550759217221,-0.7126860566519857,-0.5180317292045351,0.5177299458894099,0.2713429782384942,-1.0,0.5777639292508894,-0.6633249580710798,0.1358994296253873,-0.2777865265463908,0.44076869714632705,0.6183552613396209,-0.7578460287970034,-1.0,1.0,1.0,1.0,-1.0,1.0,-0.7159441736237832,1.0,0.15505497657087677,-0.29836051446433265,-0.5621446591155825,-0.2784582465210019,-0.6337298075349314,0.5054924682888384,0.12286835736757643,-0.18130138332853699,-0.1690308509457033,-0.33871763475412303,0.5432144762551123,0.027438017204010203,-0.5296207493321886,-0.9385257544819472,-0.46340364661773603,0.3750766621761485,0.6397117226032404,-0.2962124606811653,-0.32623604875234913,0.42244323800333367,-0.033694173296434836,0.6213664431593419
25,1,0,19,24,Train,True,-0.06111122547503988,-1.0,-1.0,-0.4599949756389242,0.11123302773651318,-1.0,-1.0,-0.7045680821886862,1.0,-1.0,-1.0,-0.4674941672145194,0.502987434168039,-1.0,-1.0,1.0,-0.682070872624054,1.0,-1.0,-0.14111720495009186,-0.23570226039551637,1.0,-0.5128925509929274,-0.12390220229761788,-0.6522401916591352,-1.0,-0.12018350671161446,-1.0,-0.6712017517857712,-0.547039482615529,-0.2894298421169687,-0.511709265065039,-0.5685415580599825,-0.7294900271819579,-0.7844809537505053,-0.5835844185115117,-0.6357756706903466,-0.6795924500183969,-0.6446775550179993,-0.5837757374910397,-0.653848504917325,0.9936016993370363,-0.4326831278031596,-1.0,-0.20838595728846623,1.0,0.5510658524524182,1.0,0.7872412709209313,0.07114029816372927,-0.7236572435089634,1.0,-0.670048683510364,-0.24465944750088972,-1.0,-0.25452216077526657,-0.6953043546148783,-0.06277859868066038,0.23002322246157147,-0.6601126461934659,0.8093174206788787,0.28349745848888475,-1.0,1.0,-0.13073268881980174,1.0,0.47076224634610925,-0.4209889856224575,1.0,0.0875313876245463,0.1087580947130662,-0.7115840595785234,0.6306007698469972,1.0,-0.18557592049358926,0.5276448530110864,-0.9615631667369194,0.4611478791571895,-0.22885585845253575,-0.5968603740206264,-0.8123797205302429,-0.5392974687982695,-0.03930712037618509,0.6961519036258407,-0.45979501958283714,0.42238882820129375,0.6339930195339716,0.3792203286960794,0.8081220356417688,-0.8109270120095792,-0.7359075972384221,0.1752487969433358,0.3322694358087429,-1.0,0.629485864272803,-0.43019353956571155,0.6256417688336663,0.783929495902186,0.8710140293914372,0.4365216845729002,-0.24439227049363604,0.3264155611463841,0.5539985084000019,0.09673857125404901,0.16204398351581026,-0.6747309753057175,-0.034039662294875525,-0.32306619253317703,0.04170288281141519,0.2663028483334862,0.42211588240886916,-0.5907331200492321,-0.6495109312415367,-0.339677005780661,-0.5636278220372658,0.4223020464184729,0.48230080024500066,0.13435213430874662,-0.9641167019994191,1.0,-0.6143361812981984,1.0,-0.11726663803798971,0.46061933600650135,-0.17762877104491756,-0.7898563395452081,1.0,-0.2862883583664678,-0.8925982593735209,0.5163950290411501,0.42244323800333367,0.6338482207484173,0.6213664431593419
26,1,0,19,25,Train,True,1.0,1.0,1.0,1.0,1.0,1.0,1.0,1.0,1.0,1.0,1.0,1.0,1.0,1.0,0.3817135343643564,0.3069898553153155,0.11494396094407873,-0.12793190054544282,-0.36328630432493303,-0.6008001310237143,1.0,-0.8792741612574075,0.15740045984593226,0.6143348843289145,0.7557336709533614,0.36149314894348994,-0.6027424897587,-0.30543492753119716,0.11402996809733444,0.5825341544927723,1.0,0.12369657974711966,0.8856580761144501,0.4645059040594939,0.2414030532619879,-0.04461562052053071,0.07773098337728925,0.4563737960550008,0.14873356756563322,-0.04594206204636118,0.11777723228564235,0.9936016993370363,0.33073354482797285,-0.30151134457776363,-0.1958650285638547,-1.0,-0.1459184750009251,-1.0,-0.7173530246065267,0.7633161721891928,-0.3567324439832918,1.0,-0.46387985781486674,1.0,-0.9211719659694683,1.0,-1.0,-0.9711136514203537,0.46312024661371176,-0.5774789499740217,0.8279462104131753,0.8492834310807753,-0.2255873029376653,-0.08728634224208938,0.5416068536820352,0.012566464796992388,1.0,0.1588856668522554,-0.5844502574571766,0.264560163223406,0.15370387364951033,-0.8230836293057351,0.2905014782441223,-1.0,-0.17715128854179982,-0.15075567228888123,1.0,-0.2029050668291629,-0.5552179208222872,-0.6539447790636626,-0.2404273740161954,-0.6619143920570703,0.5492561333981996,0.2778916999487344,0.45730982424303,-1.0,0.6339930195339716,-0.4153447726986403,0.8081220356417688,-0.7076136269092674,-0.5160375138010422,-0.11121061000653322,-0.03836512383955433,-0.23145574051526657,0.4146001326522176,0.6287109723671334,-1.0,0.783929495902186,-0.7327501960835824,0.4365216845729002,-0.9494009685790771,-0.8967418677150755,1.0,1.0,-0.6852145588668561,-1.0,1.0,-1.0,1.0,-0.5502080581574876,1.0,-0.5763939425474147,-0.5043921072701767,-0.17272955843380894,0.22086379113027058,0.08357484798058801,0.9847869411948232,0.3044305520807739,-0.4812111482738756,-0.1690308509457033,-0.5945847655722686,-0.5432144762551104,-0.4949156359884006,-0.6261507189077457,1.0,1.0,-0.8471559093978516,-1.0,0.9390197557147908,-1.0,-0.7473995749289751,-0.7725659677973482,-0.5559594491425692
27,1,0,19,26,Train,True,-0.24316072559246724,0.1308462481666869,-0.5056120645880383,-1.0,0.4003730604434714,-0.5056120645880383,-1.0,-1.0,-0.35190847522663465,-0.0897209771983091,-0.48308906927473877,-0.7101541418199768,-0.21169944466430163,-0.24307387522332813,0.38018598714319135,0.726676464470135,-0.42974523802566017,0.3851072091759858,-1.0,-0.013809233116183378,-0.23570226039551637,1.0,0.39453572439273676,0.6003855994711007,1.0,1.0,-0.015372523623094833,-0.7246108027693797,-0.4315481345345113,-0.05318902338370518,-0.2894298421169687,0.40484488983930217,1.0,0.20754716091638242,0.26230271814721423,0.10485663250100509,0.06560110461205809,0.08885025028585514,0.09240730702373891,0.1089078063883322,0.0735546556011798,-1.0,-0.04369450671463288,-0.30151134457776363,0.09637286024949351,-0.4582377207999195,-0.6158139287558594,-0.9601660064761571,0.3043004011330912,-0.8979059254719192,-0.27519359964425305,0.8270218983230726,-0.7616792727083629,-1.0,-0.7179537455263801,-1.0,1.0,-1.0,1.0,0.09145760838423274,0.6975446822731001,-0.5216595025072668,-0.578967178269978,0.23634009610399329,-0.13073268881980174,0.4141949109147193,0.47076224634610925,-1.0,-1.0,-0.8814587067518556,-0.681784332798137,-0.307398119317382,0.5795858761065664,-0.14041437484319053,-0.3877670873365395,-0.15075567228888123,0.11273169388224125,0.4611478791571895,-0.602595764874667,-0.5306975746595175,-0.46620823044858234,-0.5775912140622455,0.11096434867259442,0.6705441360537727,0.19331771537565987,0.7593829000905207,-0.708580433596791,1.0,-1.0,-0.5113546981322447,-0.4765058715759217,-0.49958356961424194,-0.6356973609254031,0.49945712426978434,0.2802965503893516,0.10508974699248928,0.37257318818184604,-1.0,1.0,-0.9920947376656813,-0.8487525710116354,-0.5141081131575053,0.6170405878455154,-0.1856715458358679,0.5509495439537558,-0.6174424962703264,-0.7719801729656932,0.2730579966618187,0.04170288281141519,1.0,0.42211588240886916,-0.3741093619885389,-0.4058072640509942,-1.0,-0.9278956195043818,0.7809543741762326,1.0,-0.008787443778688757,-0.16096851790851452,-0.7222227267680049,1.0,7.543326870123749e-16,-0.5715586758509156,-0.8690918846405331,0.35563207375505895,-0.10191070483786335,1.0,-0.22146835269858825,0.2861413624851836,-0.2686649813254635,-0.16247816846282057,0.6674003021565413,0.6213664431593419
28,0,0,19,27,Train,True,-0.6845195379579645,-0.6963509657486097,-0.8354359519978121,-1.0,-0.6948420248446484,-0.8354359519978121,-1.0,-1.0,-0.6912548159655979,0.3811004519718441,-0.9832040416718852,-1.0,-1.0,-0.8352808214373345,0.8285741967417408,1.0,1.0,-1.0,0.17537425769073256,1.0,0.4714045207910308,-0.40386424561778383,1.0,1.0,1.0,1.0,1.0,-1.0,1.0,1.0,0.36178730264621045,1.0,0.8949489200371904,1.0,1.0,1.0,1.0,1.0,1.0,1.0,1.0,0.4597261593947479,1.0,-0.30151134457776363,0.9108360477384556,-1.0,0.3118040119870534,-0.3345000139443525,-0.6693182579569658,-0.44799160735536797,1.0,-0.2940081791467334,0.062996030073628,0.5999183712693053,0.1720190110938582,0.6974568301763787,0.46821290874758487,1.0,0.25986013423557863,-1.0,0.6230295233359147,0.109409466922149,-0.035331484105006354,-0.25431934267877754,-1.0,0.16142119416893716,-1.0,-1.0,-0.6831531631045137,-1.0,-0.8750859887434908,1.0,0.6306007698469972,-1.0,1.0,0.5276448530110864,1.0,1.0,-0.2833029168522748,0.2609723020289097,0.6053487157556809,0.19735991785139537,0.3614167970872256,-0.9598170660345382,-0.7006363818814741,0.6493440194736299,0.6339930195339716,0.8702617051286423,0.8081220356417688,-0.2461255421050188,-0.3571696531954299,-0.2585904329490554,-0.16608246750661482,0.11572787025763248,0.4951822820099373,0.25795602724732664,-0.523426381152975,0.060302268915552806,-0.2708441693183042,0.4365216845729002,0.33424636066199986,0.6793934484288758,0.2991124385516383,0.06011083037680213,0.50928109104969,-0.4799501465853878,-0.25724248616647494,0.5949650588271159,0.04170288281141519,0.5939154780054686,-0.3015113445777633,0.2060821500720836,0.10969218080167562,-0.7875508007445576,-0.7807142824662768,-0.7732057127740602,1.0,-0.14141204831193774,1.0,-0.7222227267680049,0.9607699712145906,-0.5432144762551104,-0.45750602564200826,-0.168293831251369,0.8275129790887674,0.467899920033365,-0.07113522903340676,-0.3048083599858619,0.11772844920334456,0.019190355808960946,-0.16247816846282057,0.7355891448377743,0.0327034970083862
29,1,0,19,28,Test,True,0.48641764968802664,-0.23508673027563848,-0.902257722420973,-0.8772594928571684,0.3421032311400547,-0.902257722420973,-0.7824056992105995,-1.0,-1.0,0.8062714065414001,-0.7548111642095992,-1.0,-0.8792402598360486,-1.0,0.2515095772045387,0.9404506456875097,-0.6973342198886753,1.0,-0.31406387365798427,-0.45682724523954477,1.0,-0.10825428155780321,-0.0055788563178474585,-0.08231555543365965,-0.3520131597046659,-0.5454092011743216,-0.4583539462959745,-0.9384365090817343,-0.6990878830384951,-0.6450934439876153,1.0,-0.019481136996782975,-0.3944032108393318,0.36280143630957373,0.1553449198773622,0.20981715181820573,0.23656377891868724,0.3699327859831322,0.2455682201195907,0.2108957983786572,0.23835749371447468,-0.6080249204898281,-0.45120648401015595,-0.30151134457776363,-0.16184695788987025,1.0,1.0,1.0,0.002074519258558599,-0.032686082940090185,0.6625031102546862,1.0,-0.46387985781486674,0.1173024748291941,-1.0,-0.13552478690631076,-1.0,1.0,0.913721816025531,0.10054478518304463,-0.47606907098757567,-1.0,1.0,-0.37959409300629277,-0.8030722313216395,-1.0,-0.2660830088043216,-0.5352348932915495,-0.6716891627995206,0.2822988321089503,-0.02897019786353503,0.6124733309321132,-0.04959781335875268,0.7727808507352858,0.2525049409994704,-0.8291561975888498,-0.6648914171018054,-0.2029050668291629,-0.6031333912085277,-0.5924095706211268,0.24336604645777293,-0.012486379155719762,0.32384892982503116,-0.01232966586803273,0.5795812511962884,-0.49918679696516766,-0.037293707031409815,-0.5525040545804146,0.202030508910442,-0.7166886568106099,-0.5274275944208376,-0.7244548339704386,-0.6853290773738623,-0.5420937080489137,1.0,0.6558645496076152,-1.0,-0.6633249580710798,-1.0,1.0,1.0,0.1282744081980581,-1.0,0.5041414487001014,-1.0,-0.06747309753057133,-1.0,0.6307325101788159,0.04170288281141519,0.039940734644547775,0.42211588240886916,-0.4337565001572657,-0.056697667782467265,0.6437713599617285,-0.05372332675325462,0.24297588253959262,-1.0,0.18695034673960614,-0.03388810903337138,0.3841610248765985,-0.772050221124413,0.5432144762551123,-0.26720115396409955,-0.11040427172397595,-0.2730484596110659,-0.5750259942302228,1.0,1.0,0.7477251550695205,-1.0,1.0,-0.9654225996058279,1.0
30,1,0,19,29,Test,True,-0.36922883778493787,-1.0,-0.6681131163358385,-1.0,-0.2645913047090413,-0.6681131163358385,-0.9466935377554637,-1.0,-1.0,-0.11885972482614772,-1.0,-1.0,-0.7944741761626002,0.01370227794399345,0.265202015813978,0.31505473126543726,-1.0,1.0,-1.0,-1.0,0.4714045207910308,1.0,-1.0,-1.0,-1.0,-1.0,-1.0,-0.3135923338909275,-1.0,-0.9179024999528119,-0.2894298421169687,-1.0,-1.0,-1.0,-1.0,-1.0,-1.0,-1.0,-1.0,-1.0,-1.0,0.4597261593947479,-1.0,-0.30151134457776363,-1.0,0.4403685766373147,0.6440121507499974,1.0,1.0,-1.0,-0.2344241774747346,-0.15660517800002133,0.017180735474627482,-1.0,-0.08464116191549607,-1.0,0.6706293206388864,-1.0,-1.0,-0.014663749662118366,0.9397189488189539,0.8275224321349332,-0.05513411138364352,-1.0,-1.0,0.15796955350184264,-1.0,-1.0,1.0,0.007465497212829137,-1.0,-0.6140219360672132,0.5625809115264225,-1.0,0.6484626427335829,-1.0,1.0,-1.0,-0.26459275784337966,0.731547747627878,-0.5091694207961909,-1.0,0.8873669387579525,-1.0,1.0,-0.44416735665672225,-0.708580433596791,-1.0,-1.0,-1.0,-0.4288727562701428,0.746498994942764,-0.05870646045758084,0.37154737293240037,-1.0,0.24317777580202102,0.28365720038526143,-1.0,1.0,-1.0,-0.8776894490442947,0.2822775468086819,-0.3303545973261344,-1.0,1.0,-0.7205617585340302,1.0,-1.0,0.04170288281141519,-1.0,-0.3015113445777633,-0.7928119735277374,-0.45022969957069936,0.5837304844099299,-0.08219502982828587,0.4422271757383486,-1.0,0.0629174749311467,-0.425295768368812,-1.0,-0.30837419934600746,-1.0,-0.05944683316488709,-0.057866258447201564,-0.8049461893438946,-0.5077260347535368,1.0,0.7508317323196053,0.34554281333506653,1.0,-1.0,-0.26560326603594414,-1.0
31,1,1,19,30,Test,True,-0.9714539012421823,-0.7995751178291536,-1.0,-1.0,-1.0,-1.0,-0.7595949724340311,-0.7310786532190418,-1.0,0.3982502768362522,-0.3923253951213191,-0.40311567058637127,-1.0,-0.9887343774025676,-0.21705386117228548,-0.3357643464614571,-0.2803097210828468,-0.03762108258589732,-0.289917020877972,-0.5435189488207146,-0.23570226039551637,0.3084262175833171,0.47952062838611165,0.028548150346222666,-0.28959761807655127,0.010351318380620573,-0.5435134760256545,0.3371726201328715,-0.27932801632049525,-0.357245599086468,-0.2894298421169687,0.5699341084750456,-0.35977353805211804,0.2790313482710749,0.1984208611800437,0.35074971373540376,0.32276367764158004,0.28963435133418086,0.3128623585513959,0.35175842491385584,0.32004827277091963,0.4597261593947479,-0.4568911216536982,-1.0,0.6340733171117986,-0.7632692162602612,-1.0,-0.554986782667464,-0.9581511642453635,1.0,1.0,0.948359213648295,-0.8533098619063619,-0.24465944750088972,-0.7380348579769419,-0.25452216077526657,1.0,0.7581890006464502,-0.4729624210823703,-0.8278886323471828,0.06416583130702079,1.0,-0.5300861235133458,-0.05596765466021011,1.0,0.44140610085050147,1.0,-0.6707736204675563,-0.0936774830223793,1.0,-0.23257538807736008,0.1386001595914641,-0.525736821602777,0.13873098752662139,1.0,-0.15075567228888123,-0.07906073128441199,-0.2029050668291629,-1.0,-0.9001906406161315,0.7923076999882432,0.34774741079977417,0.21114532803844666,-1.0,0.5187306035683237,-0.19657987526871715,1.0,-1.0,0.202030508910442,-1.0,-0.8765360117961726,1.0,1.0,-1.0,-1.0,0.3484068496124277,-0.15408304722869715,1.0,-0.4742020198489064,0.4365216845729002,0.008731215168971178,-1.0,-1.0,-0.15831646576814942,-0.032408796703162546,0.6543617383153568,-0.3509683862861759,1.0,-1.0,0.2311526633025047,-1.0,-0.6735657001757037,-0.4206325335152199,0.638164895552894,-0.09241922541720843,1.0,-1.0,-0.09901186078317449,-0.16096851790851452,1.0,0.9032822142636346,0.5432144762551123,-0.4469160314759502,-0.7384688800959851,-0.6220976591202144,-0.16154742048605644,0.8018880363765933,0.13041167806990075,-0.09504827238953716,1.0,-0.7473995749289751,0.25940753575644376,-1.0
32,1,1,19,31,Test,True,-1.0,-0.3661382148497437,-0.3501868820307738,0.1351360962899363,-1.0,-0.3501868820307738,-1.0,0.083342240395786,-0.6570068662325073,0.049875308449267144,-1.0,-1.0,-0.8493761694254678,0.015271572675967154,0.28286119187038816,0.9357220729403506,-0.021416188411069136,0.30289808906817384,-0.5165259469673209,0.9241922031298719,-0.23570226039551637,0.7717447827673671,0.48817243537246807,0.19698619374602322,0.2753222015176855,0.14904782169109337,0.9244724058395374,-0.9338946060597718,-0.02213389753529932,-0.2180722077671467,0.36178730264621045,0.6002970163650574,0.4182079690092842,-0.10999859520807785,0.40779199887737994,0.7116473784811256,0.5846586408550545,-0.10089941000798361,0.5559647659530652,0.7123083581143868,0.5754299187694896,-0.07414938054754047,-0.32851493466373877,-1.0,0.28864438595772185,0.12996592871800652,0.11577604108676372,-0.5718298602132575,0.3048179872404278,-1.0,-0.88673493218704,0.04440359958283415,0.8189483909571171,0.5999183712693053,-0.1910408041757304,0.6974568301763787,0.5181885033662027,0.6612150775710429,0.19978493414361032,-0.05669744610402003,-1.0,0.43582445110977847,-0.8388572601004773,1.0,0.5416068536820352,0.5482959061143959,1.0,0.8211666097350787,0.02007025122574691,0.5836981046695621,-1.0,1.0,-0.015587884198464954,-0.5080190825122386,-0.07605570512032359,0.5276448530110864,0.11565254565866098,-0.2029050668291629,-0.3450784703844974,-0.22919348101077588,-1.0,-0.6877746548009291,-0.152010722162769,1.0,0.15578366245723052,0.910686360938746,0.6339930195339716,1.0,-0.4040610178208844,-0.5340473427347081,-0.5390912970299423,-1.0,-0.854908448397359,0.38982019455202677,1.0,0.30947368883269233,0.11266491616105902,0.060302268915552806,0.0772461860006245,-0.2777865265463908,-1.0,-1.0,-1.0,-0.7264975829652723,-1.0,1.0,0.6056801604980968,-1.0,1.0,-1.0,-0.3015113445777633,-0.7067426206701047,-0.4968595346407595,0.6440308082088431,0.3910654628499974,-1.0,-1.0,0.03304349319646212,0.2558552232019551,0.3841610248765985,0.7970878269937997,-0.5432144762551104,-0.7218153208771337,-1.0,-1.0,-0.6616375201762053,0.43327821320348225,1.0,0.5899617344644004,-0.4727805840207833,-0.7473995749289751,-1.0,-0.5559594491425692
33,1,1,19,32,Test,True,-0.43393292320691135,-0.554481566503583,-0.10019017996048626,-0.03798993914366153,0.48152396690733523,-0.10019017996048626,0.7032781223361605,0.24975578791612565,0.26413708353216114,0.48568795550516825,0.8023367950541258,0.7405108406128961,0.6342414200754919,-0.04949763549160048,0.2872776910720769,0.4330057102382027,-0.41390377173773424,0.4543445090835123,-0.47101841672806655,-0.9389540967061135,1.0,-0.2354490071294281,-0.3318936747747354,0.08992304297274369,0.1872076504525792,0.42211199276206435,-0.941054594622954,-0.4314603215206324,-0.4151562918070285,-0.1329065661436959,0.36178730264621045,-0.2735435533175094,0.15525055862695483,-0.5242777109306702,-0.4702590990579315,-0.2721046892410182,-0.3998108077550843,-0.727045210563544,-0.4056360502707063,-0.2741663030538502,-0.4053496204840175,-0.6080249204898281,0.1461236969762259,-1.0,-0.7290432774133727,0.2142805312715359,-1.0,-0.8316504587566621,0.1529757883184446,0.5556634099815538,0.17327004422045644,0.32329756656000647,0.5669642706626215,0.1173024748291941,-0.3871988401342409,0.1024699608316009,1.0,1.0,-1.0,-0.8153317661561951,0.7348022617416933,0.2399754605972006,-0.19708982067745148,0.6017247845592498,-0.8030722313216395,0.25395190001418133,-1.0,1.0,-1.0,0.7272481855603437,1.0,-0.04258664121525463,-1.0,1.0,-0.017083281457796036,1.0,-0.9724880516410161,1.0,-0.9255490475105786,-1.0,0.03788959904106773,-0.38111664336681866,0.38646204192868894,0.28642762247275705,0.09856054092282655,-0.292863895808497,0.6339930195339716,0.8674999253774078,1.0,-1.0,-0.95122939795249,-0.6737829517997331,-0.4642255408672937,-0.12181881079750903,1.0,0.2693276086460476,-0.9406475546600285,0.783929495902186,-0.25714221864325093,0.4365216845729002,-1.0,-1.0,-0.27586713702458354,-0.5803539798113566,-0.49076177864788395,0.8720579586498431,-0.21994588639288049,1.0,-0.7089490077940542,1.0,-1.0,-0.5891558790997257,-0.4990239695577113,0.08796154786406753,0.022583083103580984,-0.59387954889518,0.2735757878504589,-0.050474721308133054,-0.31346500855868664,-0.1690308509457033,0.07572552328045937,7.543326870123749e-16,-0.8522870808062635,-1.0,0.9539420549150324,0.3430955413433454,-0.1293367800607405,-1.0,0.15969018159597823,0.20237102489450395,-0.16247816846282057,1.0,-0.5559594491425692
34,1,1,19,33,Test,True,1.0,1.0,1.0,0.5691593193534054,1.0,1.0,1.0,1.0,1.0,1.0,1.0,1.0,0.47385288658103564,1.0,0.5181545988757604,-1.0,0.7265713887180539,-1.0,0.7994775295433653,0.28459284583605526,-0.23570226039551637,-0.8375040415017875,0.9209360494831174,0.6572338831978003,0.48702068549912236,0.25899435840391033,0.2825510046365451,1.0,0.7254077177054689,0.11198451626418415,0.36178730264621045,0.8310477001318963,0.5353903072394598,0.4094732384187789,0.6509163972963117,0.7884341382637362,0.6980590692715241,0.41364099153471,0.7054471690820789,0.7894779416027119,0.6992927890241267,-1.0,0.697992986972305,-1.0,1.0,-0.7056854654792439,0.8283925164127505,0.03675162213349966,-0.11893421208118798,-1.0,-0.9682737765260778,0.25203897253373764,0.4066107395661227,1.0,-0.3358564892083878,1.0,-0.15256973602748614,-0.6654107483658526,0.19402436341762122,-0.968773210752886,0.08279462104131736,0.9798494247558268,-0.832307913101307,0.2572192211585807,1.0,0.5475741950393377,0.47076224634610925,-0.9283098799928003,-0.17088004026242334,-1.0,0.6337756452341284,-1.0,0.06943693870225359,-1.0,-0.09290496902390245,-0.15075567228888123,1.0,-0.2029050668291629,0.7257168556043062,0.014877542976536444,-0.8247171256983398,-0.21503002804769425,-0.4400310378395958,0.9607655018705403,-0.5906266914324125,1.0,-0.708580433596791,0.10065102314962662,-0.4040610178208844,1.0,-0.16881527411171227,-0.4648434900154189,-0.18289838489424412,-0.08527316755825624,-0.050985619192384285,-0.5151200720787462,0.22209997806454868,0.060302268915552806,-0.2183116682406219,-0.2777865265463908,0.7814200557641314,0.4819566601712345,-0.6303396095745891,-0.6818342222469523,-0.9491147605926048,0.4252078221737922,-0.3752064447834774,0.1836393682825691,0.04170288281141519,-0.05659616700729153,-0.3015113445777633,0.00739093585034425,-0.23572783260544727,0.8939758338827634,0.5962722013885892,-0.8728313593734378,-0.19025757302630056,-0.11817243935429042,-0.4812111482738756,0.9373529006989006,-0.17859592916475311,7.543326870123749e-16,-0.1902288792125033,-0.03700283915075188,-0.6220086396154306,-0.271864467756149,-0.8277553923887403,0.6211917209838461,1.0,-0.881011789411423,1.0,-1.0,0.6213664431593419
35,1,0,19,34,Test,True,1.0,0.6917759414867356,0.4282119829077416,0.14968133931145397,1.0,0.4282119829077416,0.13106409555834062,-0.07040898244102192,1.0,-1.0,-0.9366439893787073,-0.06010643620889427,0.8711054987979779,-1.0,-1.0,1.0,-0.0750665494679618,0.533973418051293,-0.414366185205729,0.013803376049919954,-0.23570226039551637,-0.17962465535077057,0.556185125327628,0.6878028500233881,0.2649031385047376,-0.2301556908986146,0.03332666091652218,-1.0,-0.05706238161669035,-0.08130858865830105,-0.9406469868801484,0.4550923159334507,0.31821120656381546,0.7388894801705927,0.45470951288782874,0.3867990773118491,0.4743551742190026,0.7257501353916805,0.4988936083181282,0.3874650741460656,0.48034220972619185,-1.0,0.4977881258499694,-0.30151134457776363,-0.023903505864463496,0.27973364495753417,0.5131927159813066,0.6688612882284267,0.4962604953566236,-0.41338281365409535,-0.8459655100175206,0.5958141855454077,-1.0,-0.48596739572094494,-0.5515803375142899,-0.49251690851317753,-0.634283961502094,-0.8183846888225921,-0.30451498492480317,-0.559012727873899,0.9583477385532505,-0.10820052253626997,0.36815366959737433,0.5808456595046624,0.5416068536820352,-0.10172233827993321,0.47076224634610925,1.0,0.7984053203006218,1.0,0.9281027577126977,-1.0,-0.6957864674042149,-0.211199506933703,1.0,-0.15075567228888123,0.050243559443719554,-0.2029050668291629,-0.2266405329208121,-0.6681278993582158,-0.8344361127449476,-0.7033772948673126,0.8497990714957575,0.9010140442023823,0.4571527049517436,-0.8430582988929514,0.6339930195339716,-0.2786164049465124,0.8081220356417688,-0.6311501626790731,-0.6095151308664052,0.07539147600397282,0.2196599696053525,-0.7796403891040552,0.4862287098590795,0.8926506614417818,-1.0,0.783929495902186,-1.0,1.0,-0.6320104080721409,-0.806697682052968,-0.9478024933788161,-0.8754558946264284,0.07870707770767914,1.0,-0.43736293835324447,-0.1680739033424783,0.7923547734168841,0.9664974685738761,1.0,-0.4275984028848448,-0.5755520847047878,-0.7952662434230371,-0.4967616183248295,-0.49425390229580246,0.9538647171363724,0.04332591802291102,-0.8726188076093162,0.3841610248765985,-0.24881895023186953,0.5432144762551123,-0.5720110777488617,-0.8147812681150772,0.5958643655834923,0.2914745286025466,-0.7889543583705186,-0.2122083518888911,0.2925590020568776,-0.4989492510330042,1.0,0.5548977496449928,1.0
36,1,1,19,35,Test,True,-0.7846247549928209,0.10952092915207211,0.14014048181278888,0.7284412098651873,-0.9447190868210623,0.14014048181278888,0.6921548469182622,0.9606443391871623,0.7538259103053242,0.04793732943240877,1.0,1.0,0.720432029251605,0.5169721411298084,-0.27326338498630404,1.0,-0.09471051226702265,0.5568166390353801,-0.4152949103126526,0.6806408817371121,-0.23570226039551637,0.7651495007006901,0.8564118543089104,-0.06787576505468647,0.11947792590732798,-0.3633376569253845,0.6846389472021716,-1.0,-0.09289166988492689,-0.3888863488998392,-0.2894298421169687,1.0,0.2331464632795899,0.9282438164697991,0.8711351289893142,0.9327257888905234,0.9406069048839364,0.9265711071110254,0.9135480307343308,0.933148197658995,0.9361217229368178,-0.6080249204898281,-0.7129310786731364,1.0,-0.41090799938788175,0.34631095334425377,-0.44198013118469676,0.19219512872208172,-1.0,1.0,0.8255807989327619,-0.3975043057355071,0.062996030073628,1.0,0.22915717230629312,1.0,-1.0,-0.8271613645126252,0.8166617260856657,1.0,-1.0,-0.042917525698744664,0.44336488201955815,-0.18124240498772626,0.5416068536820352,-1.0,0.47076224634610925,0.6694243306575796,1.0,-0.5308960248255302,-0.8121344457757533,0.863347362818339,0.10344686786254131,1.0,0.3283266285655783,-0.15075567228888123,-1.0,0.4611478791571895,1.0,1.0,-1.0,-1.0,1.0,1.0,-1.0,-0.37539305627116454,-1.0,0.24621903505081638,-1.0,0.832733277993188,-0.17192465330239295,1.0,1.0,-0.9623686053003175,-0.7135499583558562,-1.0,0.379412879550814,0.783929495902186,0.09442734822121997,1.0,0.896944976525286,0.025109326329349323,-0.7738954670848318,-1.0,1.0,1.0,0.27308839665986956,-0.7045856736179746,1.0,-0.17252243819324964,1.0,0.513308114327904,0.7364862943093831,1.0,0.48863178638124344,0.5020025636979748,-1.0,-1.0,0.9827551619677737,-0.7222227267680049,0.5845339320563523,7.543326870123749e-16,0.5647422503955616,1.0,0.15270893249506365,-0.4339639546806918,1.0,-0.16590834784040578,-1.0,0.8304190331877954,0.42244323800333367,0.11768963939706543,0.0327034970083862